video_id,target_day30_views
7400582591771938090,246
7403167206978374958,382
7435124823820356906,2086
7409800970143714606,284
7410935177553333550,260
7432809888033656095,1517
7405432909278022955,52139
7384996099955756331,348
7421705386400517406,141983
7414296612047965470,560
7405005636637084974,1646
7395033235912265002,93
7406526842401754398,213
7402767039548362027,2283
7387202628826008874,366
7435131105532988718,8076
7396537190651677983,972
7415091981367479595,289
7412051047176359211,28964
7402406665280048415,767
7405803040613141803,9037
7407214747952663850,74
7422061083000589614,358
7409483348420365614,586
7399134846527868190,4822
7398308009585200427,1991
7387968848881880366,1694
7392787323831864619,792
7425026165921844523,623
7392370893202279723,254
7426170246320426286,16071
7418401395553864967,2305
7385679521246121223,243
7395342453454458158,4803
7433936792929209642,1931
7418353610259500334,810
7386109379944271146,2866
7428787675060194606,1725
7407207575680208174,1266
7393145639640501535,749
7425088749089885471,451
7435474047145659678,2419
7402046304215371051,336
7434382150364826910,2484
7426899228078722334,256
7423959756324310314,1846
7399096884222102826,199205
7401682493629271342,802
7418739347882560811,51252
7400612253604613422,172
7410551298208320814,335
7422834143098096927,3091
7420976675564834079,267
7426577071427767598,89
7410943285612563755,2225
7416901150449929502,641
7428366024162004255,4039
7418358321180134687,315
7390964003364670750,878
7387204071054200106,30067
7386453463162572062,8151
7435057046040431915,7810
7411363294361013546,490
7406460963798437166,443
7394633431608528171,403
7399101881882119454,260
7417674637351472426,827
7394640227144568110,2837
7414995501646646574,948
7411672167026527534,464
7405433554634722606,626
7423902517496466718,728
7415749879533833518,317
7399810513766468907,152665
7400238529617399070,728
7421350699532832031,14109
7402078657465928991,40
7392808673279528222,14700
7415404124210056490,473
7424703674397642030,15422
7419489999558659359,135796
7387182041995119918,40905
7395049091043986730,422
7405754593310788906,4421
7386835238007196958,230
7428371782471748910,493
7410622195556240683,296
7409867497534426398,338
7404237097919368490,222
7433974466306247943,301
7428754759886097707,741
7429095385358175534,34239
7434774989301239071,5058
7432845982120807722,10625
7420586737040133419,822
7386805031988759839,576
7399860960682593582,10905
7399415688378600735,2108
7412400413778939167,584
7398299355205225771,21684
7391627587631467818,529
7417607977567374635,346
7402396772443737387,10166
7402042601689386270,287
7403118620764622110,25773
7428081974922824990,297
7405416980687129886,235
7422057833253883179,268748
7419135592329415978,392
7424004112133475614,295
7385784706400324906,259
7401295918844185887,35783
7390515745320373546,7552
7418740691058216238,3393
7416905632097357086,164
7429465720859233566,1110
7386422957406506283,356
7406513564241988895,753
7400537117132148011,240
7429514662275861791,910
7413606141797715230,1991
7415747895900556586,3896
7433258385459514667,10382
7417597951901568298,1144
7419101882007883054,5577
7390556921536793902,19680
7386834163959221534,501
7403170967855303979,1012
7405750922518744363,125663
7395354004898827551,634
7386810389679476014,629
7418032489047936286,2146
7429183279326137631,3944
7433298495043456302,63
7407610179648261406,406
7425044410687081771,402
7429508392458177835,809
7384593247043210539,19447
7403119942674992426,3833
7396524940805131550,412
7395003414947597610,174
7399125064660176158,2233
7418707411667520810,11919
7402014296873372934,729
7429551240448707871,566
7405075980164877614,16459
7434755987778719006,181
7404603897848794410,940
7427305005612272926,506
7407617294114917678,422
7384597663850712366,774
7387184300464098591,1491
7422835664300854558,11102
7403571035041172766,63551
7427704270004243755,104
7392013834191424811,656
7385388623253867807,293
7403157322547137835,991
7435126104500784427,410
7402410113312492830,181
7428442114956004651,309
7398018597068573994,525
7420195608205511979,35364
7400568447739956510,1931
7393500623703919902,3623
7384197193470676266,9451
7425819627881631007,2921
7391988856859413803,216
7394959859441028383,662
7392389808795946270,1436
7408689871612546346,780
7426534462911089966,781
7405760048045018398,704
7429487386511314219,1304
7400903317452377386,384
7395349807084260654,775
7386427295763811614,279
7429142783031610667,37037
7389824480929041710,580
7384994809880137002,569
7399799011646967082,522
7427255125485309215,726
7426146829030477099,289
7435085768453868843,378
7385708038809816366,3260
7423174539900865838,278
7412028030144564510,947
7428790097413213482,2821
7402453012570049822,28
7392401531842153774,232
7404605429533281582,1173
7400968131398651179,317
7429536498334125342,1170
7390528032202657054,1658
7400190911205887263,398
7433605080915447070,346
7425421366616247595,1310076
7385708418293665066,264
7423179464898579758,393
7388354128382151982,310
7385042701953027374,20380
7392038251499900191,4332
7420996934216830251,3919
7429188930160839978,1834
7391620705374276906,226
7408701167305379115,2422
7394227723796761898,742
7387939062126021930,864
7432881873254239531,7444
7422145468760673567,1942
7400936062324968747,1495
7434347745135037739,366
7397256243208834346,15668
7406532297777876254,371
7393131409604414751,358
7410616747654532394,1967
7424655538329242911,1919
7435118899743477022,289
7386443898270256426,1611
7400537701524557099,417
7387941161249328430,368
7390180777595571487,614
7405078626628013342,582
7426529114862963998,12747
7386820472593370414,612
7434681648970714411,618
7389027260826684702,342
7428767632909962542,892
7392397597501148459,58718
7408016031983144238,1001
7420970955939400991,112745
7413938820191636779,474
7418008443040058655,313
7392392274816159018,782
7423180516393897247,272
7395005246159752491,1110
7416917268908674350,166
7387975451173522731,394
7429525800497499422,287
7425069066311699754,1009
7411331198053584158,8456
7420204643348811054,326
7402756653801590046,825633
7422852768647482666,813
7428727887777303850,336
7410199291588807979,4065
7394968268567481631,664
7410956772648799534,370
7406546018109558046,51
7422078732065672491,1112
7417294048228134187,169275
7409852350698966315,408168
7394960086201863470,342
7400913972762840362,231
7412049352065076522,379
7405033536081628459,414
7411005232026553631,748
7385030378458795294,171
7399809501030829354,298
7398747883777936683,478
7407965474635664686,913
7432907264069078303,293
7413508837736549674,64642
7428031998515481887,1871
7420235476117867806,604
7429495899027655982,37523
7413598688884297006,332
7399490260452855082,1373
7417647768728046879,461
7414334985060109611,521
7392762322667769118,24360
7394623624965000494,18920
7400595520424578346,639
7407608564271025454,2102
7427656492729371946,1008
7427994394915065119,13879
7411689535488199979,500
7384957309576809759,328
7390177484827790622,252
7419844303398178090,351
7405036418600275246,372
7397198664294288670,115
7434712238608567598,1336
7394959055652932906,367
7400532286430645546,464
7410175337646132522,275
7395046297935367466,16963
7392751274820750622,34382
7395414429183003934,272
7418004597601586474,368
7399428049315401002,574
7403136001821936939,293
7385339319537634606,708
7398696636412628266,334
7422081620112346411,17644
7395756149515111723,258
7415445913704926506,350
7400254248883096874,73742
7429540747432561963,1508
7389764738965589279,46
7420592303825227051,36279
7389403396215721259,1044
7409145825797901599,378
7423212846521027883,474
7420261050337217838,319
7394610117183917342,12065
7433954474235940126,308337
7421378987148037406,354
7384575308319509802,677
7425417968772861215,14843
7415448300322655531,1070
7394304560434597166,1087
7398700283506838830,379
7412041491641584927,416
7426883927329000735,3397
7403497455452491050,770
7395801216229330206,317
7394612767757471006,2031
7414994317258919198,376267
7415397552939420971,868
7395352300631411998,242
7419834661708238123,814
7422813374213262635,679
7389091579316981038,9722
7389486626503757098,481
7387933753944870175,180
7396163828511395118,411
7420608648449248543,4682
7392766090905931051,31085
7418431055541128490,306
7423219891802492190,145
7433964421753474346,126552
7407995977350630687,346
7421773158308384042,1357
7413919495514869022,417
7392057702962253087,7019
7401697666700299563,218
7429507538544086315,2361
7387967752755105067,662
7398334195405294891,777
7423231507571002666,2179
7389097864774831403,1551
7405070388075482411,7487
7427635514955681067,304
7388293919039048991,84
7426181853121383722,3139
7421392218679774506,405
7410985484731665710,618
7423608542239804702,4329
7398339831627091243,335
7427294163944721707,322
7411295476340886826,5608
7404240406524775711,1176
7429495389381791019,302
7433941383028804894,107527
7388302551424273695,1193
7397213980906802462,443
7426925064852950314,616
7387628532383452458,104
7409060904953859374,18289
7401642893900893445,429
7385340393581448494,1009
7426872690381737247,361
7398712566375075115,1200
7398007148438883627,1529
7426929611105193262,397
7389395496760036650,2065
7428030705935994154,63794
7409116690690198814,4426
7427247033351720238,513
7416891123186126110,380
7421360713245101358,418
7400575083112172831,6430
7395742464155487534,30433
7422075915041131822,2473
7402473512465698078,340
7413527230707420447,1512
7407630574699040043,1610
7418407464669908245,271
7398349927606127915,1085
7393879715712421163,640
7415365949727067423,90225
7403932720469904671,336
7384290945795132702,1183
7424661727138155807,516
7415441162653207850,769
7408375049180286250,1869
7397586988041358638,409
7386445772125998379,191353
7424270636438113567,1268
7402393875828051231,190395
7434334299891027243,362
7415816225286049055,1181
7411661711326973226,675
7422051463226002730,3016
7417322506526281002,94
7395777305232035115,381
7407235816231079211,276
7385700400219032878,576
7414667383672999210,2025
7425107228211809579,15818
7386847268080454955,2509
7391290658176175403,5485
7397987724830969134,1676
7423623992394779935,1100
7385745527989603630,2053
7423217345629392158,267
7400524197547592990,1414
7424282716209810734,837
7416154005153271082,308
7398335505793813803,789
7386435551223631135,286
7385374732767759662,86927
7389826284668505390,21416
7411752599377988895,261
7396134872953195819,381
7412055821032541486,238
7413896742053170463,5231
7387198951574916398,1630
7388701496424107295,214
7388296821514423598,412
7434736587876912415,2013
7433607368463617326,431
7410549670939741482,857
7425054744852417838,44903
7384620730752814378,116582
7416869876393872682,632
7398766701501877547,967
7429541108167773482,485
7390156670422371614,304
7419485885177007406,315
7385372761553751338,712
7385758657138543914,140859
7396915871408606494,348
7384205914791841054,1251
7386438802920705310,265
7427989116983233835,420
7426570865447587118,478
7395326241865420078,83764
7423911282526489861,585
7395018022962318638,1144
7398342470494457118,1037
7433596551739575582,537
7384193851700956447,5905
7410947420382563627,1962
7387193752521035039,340
7400952784071298347,495
7394614531265154346,1316
7434736299304553758,575
7402392058461310239,267
7393934196844039466,14539
7387608580414803243,2230
7391333019010829599,524
7387257706450619678,272
7388359966370893087,4054
7384993289147059487,1007
7421404759460023595,1269
7426524693139803438,129943
7400569448421264670,2311
7421691490625178922,698
7421326589612346654,361
7415019093507558698,16114
7401330867563531563,742
7394988969085177130,989
7418041399553166622,8536
7420210658639203627,34620
7432838520198270239,1411
7433619569496837407,317
7435496840549764383,203
7384261918338469163,303
7423923595925114158,907
7428010528275959071,1813
7413163917121211694,310
7404306277976788267,1718
7384568214904196398,279
7400931668975996206,70946
7415035847717915950,302
7413935453918727455,223
7391290115735227691,4527
7384600223508663583,175950
7391339380658523438,5021
7403132688502131999,329
7418710881573309739,625
7389083608171957550,1067
7420581229101206827,27939
7399788370420862251,66713
7388726083849571630,188
7385685044993608991,117
7402418576382102827,1940
7400589294718536990,13938
7386843181629033774,1046
7401295239098469675,164
7397243510618852639,295
7423919094379973930,1035
7413153773347966239,325
7391620637254520106,228
7403548894824516907,329
7409487330949467423,8599
7411312786732797230,576
7405430892191157546,264
7386099410272488750,186
7413143559324437791,4765
7413925155686124843,290
7416917118949657886,332
7403181042359717163,287
7429459156748307758,2120
7426873679767850286,1206
7425766248954252587,767
7404999414785363231,970
7393100378729925931,836
7391248175408958763,316
7406098033580051755,818
7407948888268623147,157190
7418348844762598698,288
7425059684563897646,894
7392399378205560110,36425
7412116772750511406,419
7413584649181531422,315
7434719154583702827,731
7384668972089740552,174
7403546718022765870,2412
7414266674393746719,601
7411292592937372974,440
7424318469522459950,234
7394316887674375466,29068
7426889469862759710,266
7407995827823594782,259
7433291010924629294,3630
7395755756827512107,292
7426938990869171498,403
7407961383704284459,358
7415762833620667690,28902
7415765026927037727,14716
7390884805698686239,232
7389035149775654175,706
7415801296726330667,49269
7405422873508203818,26498
7388743114581773614,738
7404245465140645162,343
7388283704508042539,3290
7390181099835591966,298
7422891211985259807,435
7433252033542589739,1765
7387181363352341791,850
7406549649789603102,444
7433976974416153898,795
7400563587405597995,717
7390534465770097950,2118
7412067333780426026,324
7433635785645051179,1610
7402382030673055022,1426
7429095146538536234,37487
7384603756479941930,1447
7415058600189545771,499
7399800966586912030,620
7418339401505213738,2551
7427670441776516395,1912
7415838639428554026,592
7415094777110154538,391
7414688650421701919,558
7416119166949723423,889
7425776657769729310,892
7403547370861923614,11390
7403165429197278494,286
7397964768516115742,140
7402033494806777131,610
7384663720175242542,297
7425019239548865822,523
7394316065599180062,174
7399413726488628510,349
7403584029187984671,1489
7390905975344991531,277
7392402919578012959,419
7405814428379270442,435
7428367426028342571,1158
7398316817531325726,22616
7427648909754862891,653
7415081871450656031,25328
7384277925463510318,3176
7408751367034047790,481
7432869346449362219,26059
7403497795463777578,277
7392764616062962990,364
7400556163554692382,4460
7402789043211128107,291
7395337594881477931,143
7395420708467232031,237
7403593622861516078,262
7393946839004794155,355
7414311119189462318,1528
7387196035103214878,344
7428793083506052382,2087
7419150148187589919,1327
7417273060002123050,408
7385743995181321515,319
7397223426856979754,73
7422079637863320862,297
7413917731592097070,58
7426531577808801070,277
7427274662163533102,312
7392066331648068894,163
7402383238905302314,4065
7427276776709098794,11601
7398712029931932970,1203
7399448619532733702,13182
7433233099690986783,1898
7402797592943283498,8200
7406505388834622766,569
7396821962171059502,1269
7402043768297278750,405
7384194754822655278,337
7386432036367650054,1318
7426514326036548906,142651
7415079821300075819,1214
7408699443857411358,297
7398686249046871338,431
7398372832620612894,67124
7403915084398873898,289
7433988853066714411,392
7384970458115902762,932
7410185562734300446,2328
7423200412074806533,458
7412404598570339614,2909
7401298171319667999,268
7390185779521146142,415
7408686969724669214,446535
7425023634210688298,445
7391642926847167775,4226
7420246646199471402,24265
7429101009680551198,4042
7384200334689848622,346
7403871159160245535,1196
7402826894904790302,199
7410591861070662958,22273
7427284374707637534,274
7393187470420004127,243
7414659951009844511,597
7405357237851409706,328
7413539903545281822,800
7386892633957879083,309
7413896132264201515,889
7414707552899845418,777
7395786015950081322,1217087
7394262789302373675,1257
7402806057942142250,723
7400960437375831304,154
7426930983737363743,711
7420278984786611474,177
7405761825146473758,291
7400895229508750635,319
7415086687988043051,348
7391688475646397726,541
7411698892447829279,61
7406532633108303146,889
7423973132949720366,777
7393108657082322206,3263
7386852423345720607,408
7396884785802530091,273
7385369497231822123,1262
7391256241835609387,334
7409512035186265387,1412
7411354476956683551,608
7386147782194728222,395
7396904852934413614,1013
7405055879369837870,401
7386072032674434346,1531
7426872257114279211,2667
7409144043441098014,82
7409129417882029355,1421
7398297302575664427,4208
7403896836743875870,272
7407986364484046110,649
7391694498314702123,885
7398304513272073503,41899
7425770443891641606,335
7402067709434940702,34
7387987928510680362,421
7421008504464346398,275
7389417793797541150,130826
7399831042762411310,288
7426158329686281515,891
7408728957299756331,371
7405411562145697070,86837
7407576457066892590,120042
7418749866572008735,2977
7429517796658253087,368
7416865995186326814,126707
7397287435429793055,28644
7400176270518127902,4140
7391719892745145646,1078
7399487779408825642,394
7404638377221311775,2382
7404673995636755742,510
7412042402925415711,574
7386340025107008814,1714355
7399508584830111007,298
7387565233822289183,51144
7435438213931470123,1129
7428767985587948846,1020
7434026754534034719,82
7417599188210355487,996
7401341884716649771,437
7427983606254996782,377
7393528234501098782,352
7420948790644854047,20390
7410172864680365358,4134
7407299792600157483,159494
7405034913700924714,1357
7390196710544346411,1111
7412413064764575006,186739
7407973184127143214,205947
7424339078251957534,6764122
7419078726287117610,435
7435424238183484714,3899
7423964646085774622,2023
7386071478946598187,1017
7414638235063766315,4004
7392752650019736863,2542
7416852482606845230,145
7418377541980802335,243
7402069243094748458,4542
7424332453789093151,359
7425789599714200862,1518
7423977966297763114,1231
7407637730286374186,4880
7419884825940741422,70
7419161558858681643,564
7395052777371749675,720
7387561824616549674,1118
7427249138246389022,64196
7433275244103650591,1778
7395400285625011498,51
7388647355962395950,148
7389048708509224235,371
7419094436115713323,300
7400201718429977887,2113
7403172804226534686,944
7418411105027935518,272
7404623838052404511,1277
7428766746280070443,5260
7398371682122992927,66
7386156294199102766,470
7410545982456204586,425
7395042428178189599,254
7407636530405149998,15733
7393554802929634590,556
7402836468508691758,442
7423209128522403118,880
7407944258210155822,262
7414622083524644139,5062
7408763701089602859,1052
7402433598378282283,12843
7398725174759099690,1541
7428405535503846686,146
7394638516870860074,1315
7403932221133999406,307
7392766761562623263,176454
7399476787375246638,310
7400157756591705375,5133
7417972542960373023,3576
7393197780631686430,269
7415007678226779435,2957
7395706313612774686,1134
7389770130772856110,280
7434689659889798431,2495
7384594973729082667,882
7398019184682077482,384
7427346558317890847,2545
7412057785577278766,2861
7415072173150178581,226
7435503385794792750,486
7427260861208595754,89
7398392248276159786,455
7396068689914776863,805
7423212755127242026,410
7407958823509544223,8275
7423584028424523054,717
7419877268786531630,642
7433258881050086699,434
7425101285864639787,525
7389845960521682222,5301
7395779709537144094,295
7401295511401057566,4626
7402796367900462366,24755
7417635846272060714,231
7419169332707626286,362
7392010165735656734,4323
7426895289664933162,318
7415763144888323359,193
7423228738034208031,480
7404542212375186718,312
7400985493376224542,333
7385734096418377003,1207
7417278662589877534,272
7411331112120667435,1268
7411310928219655470,66704
7395715368548863263,14865
7434258973521382698,12126
7426189046134721823,1733
7429141874134371614,3240
7423623194440994094,15133
7390936545399754014,370
7429133387513744670,7187
7389764419716435246,5201
7397193956620111135,434
7411367691170368814,238
7395762477054692650,434
7425016437615398190,401
7394615855352663327,378965
7413939005420588319,266
7393880922094882054,314
7416159412441681183,2177
7395017550293241118,249
7399798770608688414,406
7433982765441371423,222592
7406134647102508318,496
7400214362595806510,14896
7399073352524156206,424
7419159620918283550,384
7423215929808440607,878
7409483880828374303,486
7385713307610647851,367184
7428400999632571654,16843
7402732222337535278,9823
7424689634841496863,12855
7393554921670364446,400
7434745441176128810,475
7400566079170366762,550
7407948989523447071,791
7397584349526265131,46
7391660927092903211,14018
7410594067387583775,905
7417318444028316974,148
7398323764569672991,432
7398010996746472747,389
7395335401566752030,355
7434780991522098475,102
7391988699791117599,1158
7385003689162984746,69
7425786259534122271,460
7395010211704196398,566
7400531895689219374,10021
7390133310950837535,17064
7423200157258255647,217
7386829702486428959,954648
7427309474060258603,505
7426903547570113835,34739
7405036189226454315,982
7427629577557511470,784
7409159408741043487,609
7413568124810743070,28
7434384517453925663,11499
7392018102835350814,348
7407957461065387294,4258
7387252499184471339,910
7408358508850105631,107502
7403519563616357674,664
7424651011396242734,234
7435104195801304362,3562
7386884018794515742,290
7402832351308385566,785
7426575357807054122,1424
7424684597960576287,259
7435140435565219102,50
7388009686970289454,126
7407991992879287595,351
7387586660210330911,3387
7426897349458349343,1260
7396894240430624046,765
7425066746295356714,2070
7390235003977878815,662
7408400883169398046,394
7394595649129286955,3985
7413575469129321771,567
7421306885984357675,160
7424680199968607534,592
7400938561375178014,950
7425037123956264234,570
7397590936567418154,568
7409459404308860203,500
7408739302554799403,446
7412481644839374111,1057
7384214115461451050,330
7396099421940763950,507
7402025198498729259,1539
7393137181398748459,289
7405754346601811230,478
7416183903733435691,1204
7392002998127398186,188481
7433631684786097454,120
7414321050424593707,790
7410924769157074222,499
7424694193810951467,1739
7401360693565410590,34
7413891790165626118,148
7408355235397209386,268
7385690797318065454,300
7416869229963595039,3208
7403195763871714603,1762
7389485289271545130,1478
7401310296612097323,317
7384254157101829418,677
7391275954716347691,1116
7414252129126337838,330
7428354375799622955,11552
7403595606112898347,1626
7416944729582996767,863
7407618875442957599,316
7394635807388126507,271
7396907049675738399,29
7396087098694094126,285
7410172550564613407,248
7426544227024145710,1322
7427717955279916318,130
7385342068312247583,293
7426076055473032478,50388
7419490755015806254,329
7417254770290855199,497
7420574225687334190,29677
7423616242650467614,2244
7421363279575960874,15504
7420646745647959327,768
7434000156929887518,728
7429570583446211870,182
7423551981282741547,333
7384255424867962155,642
7411701646943587614,321
7389081832677051678,159
7416932844955700526,40517
7408768039568690474,587
7384970726140382506,1698
7429156075091299614,127
7395797378990640427,428
7415405679579565354,44057
7414282015484284202,200
7427251367112166662,22237
7400567792795176222,3669
7408009000114998570,145847
7424734316481072426,333
7403197342783999262,584
7417612316205845806,345
7425076036582378782,289
7408372699841498398,15902
7400949495770385710,1249
7389803937492143390,3638
7409060728629366047,288
7420995984936815918,496
7384295081311866158,10206
7434709448045825326,430
7392396362500934942,630
7407612246962228526,26443
7418804365797887278,474
7387200823564029230,2905
7428367716370730271,1325
7395741836356242730,1276
7418340545518505246,157
7427981206282636586,794
7407637457912499486,275
7424670439080840494,159
7401334079918050591,853
7429536580676685099,768
7392371291090636062,343
7421692631220030725,6417
7423953349927537962,512
7393150552718265631,284
7398299297852263710,156
7395001656234085674,200
7387249093472537886,1704
7399128588861066539,374
7435472501876018478,649
7412457068524768542,35125
7400563482573147423,3909
7402808688899034398,1203
7402442088526171434,362
7427308766904732959,4117
7398684979024203039,778476
7410598088995261727,682
7393876235501243690,82326
7412079482787384618,266
7432841836290493727,1299
7387612252540521771,33602
7389392999714704682,326
7429152585501658411,10766
7395371056594226478,290
7410636281065098538,351
7425109824616221998,499
7386426669113920814,9651
7385337536526388526,86
7398365656757996846,367
7384983868035779886,408
7414266147165572394,461
7397221859458321710,276
7406460804234743086,979
7387237746206706949,336
7397216448277564718,324
7410179663953268011,499
7402448859412139295,3779
7401361586880924959,70826
7393148983025208581,30079
7385376360107117855,199
7384648452493397279,14959
7386053398098873643,2037
7411327654412111150,548
7433288733526330654,1807
7401255591278071070,3072
7393143789914869038,2680
7424370585196629291,653
7426579036014513439,653
7387606907848150318,299
7402759889312943403,8705
7392373937658727710,278
7389020061857500458,710
7418797517803982110,449
7410203478796291374,38182
7415425241108794667,370
7398366678242970926,800
7392032641324780830,296
7429159424272387358,2661
7419152031266409771,14038
7433946067495931178,321
7412411877864557866,469
7385038492939586858,1311
7409104220915289386,18169
7420562602700344607,1075
7423530832683355422,474
7394651349557808414,377
7434715867931299115,353
7412478285415812382,245
7392401794195901738,245
7398746473405402414,41708
7404300684742446367,159476
7396499365931601194,348
7400196719088061726,227
7394681457588866334,209
7415769462600682794,7316
7391295259889732906,419
7420200764590607658,418
7384985850108448043,507
7384207980855676190,23017
7429542051718499627,357
7409132620862508334,130
7415401524500712735,102867
7405818686969269546,88184
7395372140524064030,318
7394979796519898410,731
7397941507581480238,288951
7422066833299197214,463
7398753064569605418,689
7397939795504188715,19244
7398351928146595118,680
7407290288718482734,380
7390524116190743838,11953
7403129543650856238,628
7414319447080684846,10961
7408716338664901930,372
7385315576853318955,282
7409814843366165791,3054
7389485467005111594,422
7432836348903542047,3585
7386137461795081503,224
7398684386293484842,371
7409496905832484142,410
7432907582852910379,544
7397630220963990815,303
7387911558216666399,1256
7399417049161780523,1312
7389030009916149023,421
7424286252578426142,918
7393563741142535470,696
7386488145539304735,1234
7417605161083751710,832
7406458872015113503,24004
7426163151063797038,2974
7402435390482828586,2857
7400915236896689438,356
7395709242164006190,2123
7414300392240024874,2036
7409885912836033838,2270
7413947582830906655,54118
7415739563118791942,287
7434318749081275694,3600
7410939360125734187,1082
7395800346339085598,334
7415377435409255726,696
7416135098128502047,47166
7433960547630206254,574
7414292458302901547,550
7403891474292608287,2835
7410916850516659487,278
7417670552573299998,3035
7407219448794352926,247
7433297588129991979,4914
7389453711795555630,246
7407274708145573163,32729
7387945890117471519,36205
7421722953328512287,340
7408700213558267182,768
7410544054657699114,646
7384583686013930782,271
7420574272852118814,2395
7419152311089368350,58234
7396870263993847082,356
7415755397585325342,397
7405768533516225838,338
7414622344456441118,522
7427702933392805162,328
7402839693538118942,168
7407987543263776043,39249
7408775878869634334,331
7420960829341797674,320
7410917569588186398,385
7396497899489725742,91
7425031556370320686,33717
7389030032934522155,783
7417253265513024814,1716
7415470057154727210,647
7388311963350076714,349
7396863890283367711,391
7434305824920538398,30810
7395359145559444778,165
7428734440232275242,590
7389067314479566126,2192
7434730963977997599,2442
7420979730733698346,16973
7425801126647303467,433
7425393280113839402,474
7426908634862456106,410
7417616047852801311,312
7420230263805840682,1214
7406127195392871711,217
7424706159703051551,428
7416128843750100266,21756
7400588359292439850,118
7413882204670971167,487
7395391251836669215,1332
7394268585582955806,683
7427265483088334110,114
7405765043331157294,13691
7428728679666158891,600
7389829902406634783,64
7419839212461247790,1555
7385341239933095211,5758
7400574206754180395,278
7421674272143215914,211
7422811001722146094,3806
7425757257230454046,14618
7427278849244728606,321
7428808902357060906,257
7386121917708668202,6266
7406465980001570079,308
7392056436051905838,270
7434698260997999915,419
7423956553448934699,4264
7428405223095389470,312
7398676446803250462,303
7391252514529627434,145495
7429468832852462890,594
7396822873274420523,370
7420965313279266079,1255
7421347699372625198,408
7411335562130427167,583
7428018540478860575,73342
7435130474999319851,4810
7427336213415087390,407
7402851386217483551,821
7408329444689055018,325
7386847467217734955,134967
7384602777055530282,272
7392747961484135722,789
7392428909888802091,3824
7428797611034840350,1565
7384605735444974894,722
7391290074211585311,1161798
7429551149583322399,273
7404255747460287790,465
7402080498278829355,44699
7428779902763142431,1619
7398376230635982111,1373
7388337502211394859,294
7421340076178722094,380
7416897441384959238,261
7387182317346786603,716143
7408336827205045550,1183
7391644627956288799,1090
7409814683273760005,349
7426917387854744878,886
7391993043043274014,16901
7434728082168237354,1322
7418348745076591902,7080
7386825888098192683,3062
7393526243968306475,489
7407265486137740574,542
7389841761805290795,283
7394249755460717855,817
7402816468989070635,408
7389770616355786014,90402
7424372763902659886,507
7411288796735507743,325
7398756968753548574,296
7429498298479725867,3642
7404677486904151339,356
7405045738822012190,412
7401639420228652318,101028
7417650545340468522,632
7401681569758334238,116279
7409138070705933611,1212
7399436874286255390,323
7423561838996000043,3333
7386814380043734315,671
7396510285898583338,3122
7403878050678721838,721
7400225585290677550,519
7402442183602621738,657
7434762311144951082,290
7387999244050910494,743
7423908049795943722,542
7402754818994949419,46542
7419091863946448174,2617303
7384985368178724126,448
7410559672412851486,335
7408372822059355422,480
7420584983598845230,261
7396910332003798318,511
7418403216406154538,817
7419140350138223918,109
7391665087376903467,393
7427662274518682923,98900
7429474546979327278,17596
7429539173587111210,2774
7432835979687365918,23484
7395793115182910763,2474
7409510773040434474,945
7418717565821668651,245
7397249950272326943,454
7399830589378940203,630
7414683843069791530,252
7394239061621214506,297
7434681546159836459,1044
7414297074470014238,598
7390553609244560671,151
7385014043808992555,1859
7390937029753933102,1282
7418397130810854686,300
7432816875987406111,116061
7420999655779044650,296
7389428304433990942,8513
7428194108067286302,1638323
7390194767612611886,1438
7429468680485915946,18761
7433609608888978731,699
7428044485189274923,614
7428429779160059182,569
7422118274571455790,12398
7390137050684525855,374
7423913443142454558,1092
7398742033713630494,7879
7420624362908159262,1488
7428782328048143622,8793
7397259985119448362,349
7407229531389545771,1689758
7386458169687526686,252
7386464885141474602,61
7411705531431210271,662
7386100539181780232,274
7399827056843918634,317
7392023380188302597,8469
7415471425735216414,687
7396823917228281096,102
7433618484812287278,158
7391263417140514078,295
7393190663510117674,3915
7423162483109678382,675
7404291837151792427,5252
7405352570924862762,169574
7400546876103314734,1325
7408006268687748395,714
7393893128291306794,1007
7403168206988447018,984
7421714493182381342,398
7397225019920682282,138
7389448777570061611,355
7420942027476503839,1548
7386839905298648366,509
7433605551935868190,81
7400919607210429738,378
7425435365881695518,2353
7407621205487881515,965285
7402807582106127658,1213
7399840110730054955,1136
7401695108434808106,1822
7423552603142917418,831657
7395750994967039262,504
7419546838476377374,746
7416172877474499870,21003
7402082619459898667,801
7392374113031048478,209
7399792116072729899,2510
7389101369275338027,700
7407294057321336094,998
7413175678960520491,309
7394212359612419374,458
7419469518411468078,4253
7428029094501027115,38105
7406521865541405998,518
7387183818148515115,493
7418002057451392299,319
7392804766725721386,248
7416106744494984478,431
7387548747284155690,158
7419086108245495082,9593
7432830055698468127,444
7387981649809591598,413
7405347682639826222,208
7393916221155970334,345
7401638883546631470,242
7435074149669719327,1383
7414251343621164319,356
7405018870278507822,437
7395756837359979822,1654
7399467825015950622,5897
7423919155662834986,3474
7407603746093419819,759
7401357571082259743,269
7396174710377221422,513
7425397606479629610,48897
7386065167064403246,342
7433614121737719082,97409
7392092395963206954,3262
7413939204876455199,181
7390172957185756447,484
7425109501809904926,908
7387625911538945322,25144
7386069192019021098,5709
7393174723808464171,399
7387241370051693867,349
7387219313289121067,457
7429160527449820462,2035
7411352047469088031,374
7428382973721988395,208752
7405388498468998430,1118
7405047752037797166,12753
7423195345099705643,4379
7396488939114106154,315
7400192588877286687,452
7407607111678512430,151
7402011081440267550,258
7391251622774541610,59441
7391992834976484639,384
7419076315476659487,370
7390503949897420075,10209
7395732410870123807,3343
7405767487108812063,6983
7400187499794025774,506
7415458037046988074,1129
7416142382212713759,889
7410991347089378590,317
7403912506504187179,948
7421679207815728427,1635
7424351218144709934,321
7406155646153837855,439
7409890085744807210,112
7384212997520067886,311
7397616819151916331,6038
7389429678404029727,236
7405736830219406622,58471
7384236102875368735,157329
7387980765243493662,279
7403519853862178079,22458
7408351356525808942,1216
7398720186737626399,323
7403161508672245022,302
7403893469695020319,12325
7423597566115335454,2327
7402053073448832286,1152
7421360776801209642,795
7395712557010537759,380
7392749625045781790,589
7394650615156084010,21122
7410541370093423902,1621
7404267979208248594,297
7401338559204019486,457
7405361793234865454,10657
7392370042941213998,41045
7406493407687970094,1275
7392386818269809963,8373
7393842368019057951,736
7402456718308838687,177
7388668694462729502,269
7409073007114620202,270885
7385771740271545643,375
7394270243926854942,319
7407670520440720682,1469
7419132592773172526,993
7400627640303914282,1534
7409499405562219818,344
7384595929703140654,87
7423179350792588587,12255
7407236185472371999,4050
7418378717161852203,1402
7417230570536701215,776
7385027543277096234,971
7413194687755980063,827
7396825963792813354,849
7427653238553562414,399
7412412542288481567,816
7420196927607672110,1120
7401666816814189854,302
7414294214424415519,443
7385337594139331886,285
7394264918192606494,1812
7400609116051344682,424
7429468842172108075,330
7426555900174863659,626
7426918014580198699,1434
7387586687729175851,308
7411349388640931118,682
7389778456608886059,22740
7416879740419624235,19183
7386467156592053535,287
7384938675731205407,973
7397929197076745514,450
7392030268380417326,1823
7401325462154267950,767
7397190876868463903,4668
7403207943971261742,348
7391307523669642527,413
7420633251494055214,395
7403120169280752926,742
7387945474340195614,328
7425786913950371102,544
7387169456646081823,8002
7418042125029231877,273
7401288948091260191,270
7403167299861105962,75804
7402455325699296542,1007
7407959001876466975,1284
7384612032558976299,864
7398666988853169451,91320
7390155880957791519,325
7418370168985816363,28129
7434718716899659051,542
7428392239870627103,1106
7405819019913202975,666
7417290527718018334,389
7410183888389311790,1961
7384658576314240299,395
7407128827744374058,515176
7434682860147150126,1038
7418755946899344683,702
7396847579956350238,11132
7405746618860915998,106437
7428790374765825285,227
7393585323265035550,8833
7384217445483023658,561
7410953111407381806,709
7434336136325008670,1475
7433960739297119518,309
7389800171820879134,365
7411294143453908267,7181
7404625387713580331,248
7384564522704473375,299
7391676969928150302,906
7413571690506046766,4819
7404980054305819910,2966
7410921495486156074,11630
7408330551997828382,1344
7393859627189980462,620
7401260231151439134,249814
7399410911917755678,2932
7429194506567945518,472
7423545343700159786,317
7385759536860204331,4200
7421332066609958187,1306
7409827060790676767,566
7392768510042049823,442
7393877888157764907,1634
7423601326522649886,733
7412094504733281579,660
7397634921117994286,372
7408346008079387950,724
7399099730459888926,330
7428402455668411690,400
7412482936546528543,3018
7432806064627961134,330
7414279868591951147,945
7414357488562113835,1473
7392379092047236394,6574
7424328725845626154,1458
7402030212642393374,7604
7413149414702861598,690
7394939279719533870,93089
7429495331806530846,1908
7384208099479063854,346
7396906624683740458,752
7390130728203291947,349
7398325834991373573,4431
7393533099671407915,981
7418783068321877291,608
7416151610063113515,2367
7417974793569340702,497
7426145740222762270,750
7387913861229284650,635
7422862437629578526,268
7425056551435570463,247
7402463776294964522,413
7389465990268079390,2081
7398011413949680926,1097
7387940894655204650,300
7429151801078828331,1195
7425049888284478763,1156
7397610200854695199,193
7409477636675620127,1878
7419906264303553834,1521
7400916924227538219,6807
7409812314498829614,2230
7418371126126054698,51
7387904107031366958,2350
7413615471401979179,2321
7417675546617810219,300
7405412220718370091,159
7423552599485336875,13154
7392380111326154015,734
7429181376232017195,5739
7404639944607665451,405
7386481141475298602,277
7405740363828301098,856
7397980329518075178,105
7411321845099646239,316
7407647335175458079,1068
7426204568502996267,739
7427673339801390367,673759
7407964198166187295,491
7417640663916891435,351
7421334231349054762,350
7394643458809482526,4848
7393155109699603758,162
7389055343579483422,744
7385376428725947678,247
7404624283852361003,8420
7393888991365303582,8177
7432844466836311339,1586
7395021216920161579,5872
7417654823195184430,5170
7387604921912167723,348
7416878016946588974,3090
7399051885220482347,662
7432904961949814062,398
7392062738950049070,1427
7397608932140698922,48
7426951407426653471,1869
7414643627948838174,209560
7413529952567561503,17309
7407659871333666090,159
7403547364838886699,376
7387568270217399583,1142
7402038213172333866,167
7435495550570777886,187
7384226138840780074,493
7426156184987503915,70678
7403888715833036078,574
7412481194941615390,297
7425767818714434847,116
7429176531848645931,562
7405750778125765931,2128
7418423349757513006,78
7394956769426083118,459
7388275824815852843,295
7413929238719434015,430
7389395546789694763,351
7426148763854621998,15819
7387623253986037022,176
7412445729928596767,38
7386794274102185259,324
7428060179461115141,348
7396096330948513030,218
7397988938532621610,629
7426127560964050206,168114
7392406370055687470,48552
7433963610726075691,526
7385759988091735339,5600
7407960793028873514,1097
7429470210681212191,729
7424347815742180654,1269419
7394978393663507755,426
7399451856621063466,1743
7413177451888643358,3293
7420983408433712426,953
7421311901050703150,230
7395369348954688811,1243
7385310508477451563,1920
7411752500006554922,294
7418019661444304170,5162
7420214805220429102,952
7408035654761860394,7249
7421699671292202283,545
7434381736315784490,87109
7434393335806102827,747
7412501079780461870,857
7434741237187415326,26945
7415009288768277790,290
7409887785135426859,972
7413951037972696351,231
7386467978436545823,379
7406188213590560031,515
7391330803961040159,532
7422102363718143275,531
7434699757190204703,291
7390522133274709290,450
7412450576073592094,300
7384993660284226862,1597
7408346024743390506,266
7393104856418012462,1536
7390607212562877738,1785
7429527771795213611,41687
7429115416200514862,9534
7397989780933446954,726
7390168145002007851,278865
7403489412010577198,1151
7420202525292285214,282
7407662104221617438,349
7405018691387034911,502
7403138903194045739,1483
7411339138198326559,718
7423536406099692843,515
7400583379785108778,610
7391659601374104863,244
7394231880704347422,535
7417973902871104798,300
7433603152902950175,428
7393476186833276190,938
7415040349732637983,160
7407953814550056222,285
7404259169257147679,225
7417996688855469354,4506
7423217575309348139,379345
7423597346644069663,90807
7389412793562189099,11304
7427301817861688606,5818
7400625372892548394,528
7391692231582698782,741
7419112522751495466,1088
7403548514522778910,343
7396912869155130667,561
7435472789781499167,399
7416181436585184543,410
7426887257421958446,7167
7423186010734906655,6724
7405803983958199598,961
7411721527541927198,68
7418021041810738463,108
7398682276789374238,353
7421682680078601515,523
7387578272801934623,975
7415840585912716575,561
7429540497309306142,148543
7418711218753375519,267
7406144232680983838,33990
7395757891275197727,1433
7384650381000707370,376
7412502563435613482,417
7429180400351710507,924
7400537034437201194,4363
7386834799316471082,1021
7397991323946487070,233
7415744662327119147,770
7405448271184842030,432
7412467578381045022,297
7384207738194152735,167123
7417625659117210911,2066
7420652608177671467,151
7394304270792740138,384
7413597389694520607,253
7435145254824709406,575
7385021925359193375,266
7406105632471928107,1938
7405019733315177771,1470
7397248928216878379,15475
7411289704735214879,4105
7424687664772746539,39849
7416912243868126506,299
7434328854686223659,440
7412430385163930910,429
7433245977491852587,1263
7409133913538333994,117
7402796873834155307,11632
7427626452796837163,150
7419873333925121323,386
7422855985095576874,434
7412485597073329450,1688
7400910404077112619,299
7425461564997750047,1252
7395392344788421919,6317
7416195706639224106,365
7396465420112235807,454
7391676062066904350,3002
7420956502799715615,2456
7384965723157908782,461
7388736058030279982,269
7398764903433063726,615
7399069544125369631,1058
7405726670944079134,1156
7413570592240291118,849
7401646933829258526,38012
7402068083394809119,500
7424326432622382379,898
7385345708569693486,1185
7422109219245100331,354
7425447425608781099,560
7396165030577786154,859
7404661490793434410,1764
7397625282879851819,449
7385706382315539754,1370
7428387669748600106,10288
7388007929259035947,426
7425761745060334890,875
7402753264329968939,676
7429131696487910686,1006
7421724216124296491,587
7389437300385516842,5014
7418731282881973547,340
7394993627501514014,1349
7398759681117752619,178
7420565279639407915,612
7418333689840422187,498
7423571586197802283,844
7390900486276140319,29
7429483207554239787,640
7416914910610754858,320
7397200214332804395,415
7426543075331214634,596050
7386073290495986990,316
7433271089498934574,780
7395727968158387499,382
7397628773505469738,299
7415421255286852907,222
7385688108202773803,389
7392429503244422430,6799
7400203776860245290,377
7398309651311234347,9278
7400573500932623658,5060
7415089683820072222,4841
7418763502552354094,609
7421678934355365163,579
7397961414456921387,141
7405768514759380255,837
7384194290215292190,390
7384220441553931550,4017
7413563173460053278,269
7419105249551453470,706
7390147128095460654,17439
7412042082845494571,292
7390526890731130155,123
7424291475522997546,697
7386844372823805214,394
7429479633801809182,107
7397238220934630702,415
7414299450413174046,4439
7392380158306503982,14898
7409449566048668970,935
7393521891736177951,3702
7387204635402226990,274
7419496887725706526,514
7387191587433958699,605469
7422055129139907871,308
7407958733927501099,5036
7391684393229733150,420
7423578095937932586,629
7394287950034423082,309
7387977806220725546,272
7415018583157230879,513
7412436688116567342,424
7399492643299822890,888
7422072346523028779,357
7414662367805492522,3005
7397651127405251882,869
7421720822710324526,648
7385661030044552478,5277
7387210998807153962,402
7429137248978832686,92269
7385378949473340702,876
7407946642332126495,418
7429474647705537823,2626
7419087482718899498,1499
7405755305310571806,252
7417962811327778079,30053
7386805681329917214,16230
7385326811380550954,6080
7424662171113573674,2243
7419114045502000414,428
7407615061453311275,7439
7410173970349133087,473
7400605288950254891,282
7417599532331978015,439
7426887338879454494,813
7405422473107295534,350
7417994164467420422,265
7394611768279960874,1338454
7411718440349650222,144
7413978540145691934,497
7400587994861767982,13496
7401672503220948270,2502
7428801242513607979,2937
7424695519026449695,529
7406185415310380319,6674
7413180232292666666,7015
7392737828322512158,90
7416150036423167263,1912
7421759909626252587,333
7428405699882880299,517
7426580353407683886,76609
7396131712410930475,1077
7409880060510883103,348
7402437259645209902,4639
7410276316173421867,282
7386479017668431146,1060
7417286565950459166,1125
7390959568236416286,332
7418426073605573931,865
7400920403461377310,780
7394683396213017899,424
7426509589551631646,5091
7413941764811181342,3824
7423187689568095518,876
7386836797763898655,1392
7414639136956501291,688
7410586725015194922,5714
7412486808686087466,404
7421356689506733358,156851
7428413327778319659,7619
7410594353971809567,1290
7416206642078895390,573
7423619917053807902,227
7418811331714813204,260
7412500704549440799,297
7421716009301675294,358
7402760736520375583,148426
7387940079987117343,15027
7390547712262933791,127759
7414336594489986335,3297
7384583807111826718,636
7421700147978964267,2835
7391631415458286894,6736
7414302742098791722,2464
7427240513650183467,722
7418726047237082411,387
7409871202946272543,234
7426880047652326686,657
7387607338376498478,25670
7385335423687527711,314
7417989238072905002,14206
7419090879832411422,911
7424340079755283755,1046
7399434335159323935,309
7393876121831443754,814
7406092056805903658,979
7398300188072299807,334
7411737910036286750,383
7405813426917838122,1295
7398693904343682347,114
7396480340593937710,1331
7384938782707125550,71
7422136488223051054,1507
7427304593211526431,81
7399049776521547051,376
7404977466608995615,14390
7415369533105425694,320
7408692638674717982,1360
7406527774657187103,980
7412075497997356319,3830
7409153646144883999,52
7419102043446578478,2189
7406162407258688799,311
7386437133772344618,270
7410550382549568811,372
7401285975407824174,271
7389409876788677919,206
7405018196538887454,96
7419834179300609326,1512
7420237283502198058,1397
7408414454246870315,2517
7428786851328068906,332
7416132061720825134,811
7425463726431784238,1929
7422136445646687530,972
7422108065907903787,1413
7404637204921765151,1802
7413532885845675295,464
7426882962580491566,474
7433631845595532574,745
7424690126892158251,10328
7394653231030242606,116
7423572891662306603,3959
7428398860076125482,27229
7387934921131576618,1159319
7405797687850716447,3642
7429194802463280427,311
7415079556630990122,181
7421769778483711274,1089
7394267340382276895,601
7428741169024208159,473
7401318232746921247,117
7414713135371816238,896
7423255738849709358,403
7413557456401468714,1664
7433973547501997342,284
7418407322931809579,346
7400153918958767406,108674
7397232878892928299,427
7387962408058227999,443
7412097031897992491,3080
7386826547283381534,220
7391270982087920926,167
7411346602905980191,358
7427257243063602474,96725
7389081273282743594,1063347
7416874334221847851,29994
7404630520371350814,474
7426928790410087726,1783
7426130132433128735,732
7400200705757285662,1250
7391694418182704430,1246
7426498211457551659,1064
7391270074402802987,12118
7386126427684621614,729
7420244972831722798,791
7423939978398305579,671
7395371145811234094,654
7408717840070511893,5315
7405360647837355295,33201
7428452743657934111,1178
7392048635258719518,4530
7403175481480154410,153
7391295277342182687,239
7404999752087063838,454
7415795083406085419,1103
7434718322786143531,1694
7411731455103094059,365
7390526842165284138,326
7389791569789963563,195
7395763173988535598,332
7395014968787193131,510
7415376817533603114,79112
7393871366346378538,189
7405345256314604842,724
7392013294631931166,850
7392765150622715167,990767
7406494219919002911,363
7407958796313709854,15583
7405005328649030942,567
7396486794285452586,423
7392071545776098603,679
7414326939764149547,234
7411660552721796358,290
7415074771622251807,12749
7385375072032279851,248
7432890646857305386,38505
7394214920243399978,984
7435102753518554410,1355
7417277363672730911,281
7389045875340774702,561
7399445331496258846,478
7392789232990866718,489543
7423566852946677022,121
7406127670599126314,384
7409445276374584607,389
7409070939159186731,599
7426571622296997163,245
7402761048425516319,357
7405388216347479338,422
7400939914210151710,574
7434731068416363822,1213
7409063076420439338,1165
7414292036938927390,246
7397591399752846623,315
7415802972942142750,418
7427697244360527110,3838
7419851640221502763,322
7390524849149725998,286
7433637669248175402,361
7386122183858228511,2389
7429484852426067242,13041
7398341588105186602,551
7402475447348399403,10494
7408787838575185183,486
7415033265473506606,238
7417686481138896171,340
7415735891953519915,382
7429156435293998367,145
7426959391649320235,843
7429504690691312939,10974
7406521533587262763,1611
7415451125588954398,95
7400183156349111598,380
7393927459772615967,599
7427280797314338091,793
7398344376931454239,326124
7424330914492108074,142
7402417419257482527,11510
7403520217629904170,229424
7391697441206062367,518
7394269507893710123,7631
7410572452264250655,373
7416877283882929451,47768
7424678877689236779,5277
7417637732002090286,218
7385763054316981550,500
7401707036314062122,281
7385393224363298079,386
7402032588438670622,27079
7419459162779733279,5717
7388367973787979051,337
7415076410324225323,377
7395349771193453854,9754
7402769289738079519,818
7392012158646701354,723
7427313660143471903,56
7415057200667823403,154
7388656616301759775,264
7390189514901228831,525
7418006847904288031,58
7415783597669387566,432
7408411349820263710,282
7390929553293659435,465
7400560899569765678,17706
7409521936637775147,358
7390560179575737630,272
7387907239320751390,572
7413896378117655839,547
7390150870555528478,813
7389060738293288234,983
7389853919880514847,702
7397608625608396062,355
7386450995456347423,297
7384569017698192670,25000
7387994361423809838,2296
7428008341751778603,6810
7391676165418716458,371
7408007459274558762,2072
7409872782395280682,288
7411328342760246558,347
7413953795765357854,496
7384205838946159902,4245
7408777903455997226,1129
7423590217640135979,6443
7411313010469375263,317
7409817456098725166,90
7421027348503416095,441
7402031780259187999,3173
7413231410368007454,344
7418796798543760671,396
7428400373469121835,117
7393534257869655326,273
7384646781092564254,786
7392043535823818015,404
7412501848449486111,321
7397202894119914794,373
7398375738509921566,562
7413191358166338859,422
7389410299939523883,8858
7405405618565025054,3820
7395380884729466158,757
7422804191980293422,263
7422055727092665646,278
7418059234195148075,776
7392439337444445470,26
7426201928159202602,808
7384615726096665899,563
7402386216152321322,1884
7426145850578963743,389
7425060092753595691,307
7401667201138265387,8477
7424373934230965547,642
7401352705811156255,235
7410928844015815967,4834
7418811668890733867,368
7390907657181236511,12930
7415824544738315566,1888
7417652512456527150,954
7384200797862579498,432
7384651538918051103,7890
7406147347962400042,173
7408407440187870494,1252
7389405534195174686,2734
7433242045277293866,116
7414639409133292842,697
7428457010745658655,758
7425861120734399790,455
7422827734713503022,509
7384991324551875883,180108
7418021990528797995,1150
7422848513547062558,419
7395013590920580395,466
7421005258362572075,153
7395345176157310239,2910
7411293980782103851,2362
7409899772582104351,485
7411355950931643678,1468
7384210748752366891,4937
7413199182321716522,530
7404661122374077727,11685
7390548344591961374,794
7388002989950242091,987
7423168319676484895,50937
7389834446398098718,1394
7421387240770768159,506
7411701659039960350,363
7429479586175700270,842
7428354965422296350,323
7426165053751135534,646
7396449474270334238,12190
7400590618671500575,126
7413226082117127467,13946
7410916635885735199,410
7385700771943271710,322
7391674164958055711,324
7434332219042204959,352
7393174771845909803,468
7394665196377165086,1430
7426176712678853931,902
7384612071989595434,4407
7387917671133711647,218
7392410545397321002,4816
7388734732189617451,4429
7409097772030348574,794
7402770216675036458,4997
7393484559339244843,383
7419844485183507758,81063
7410234961267166510,5043
7415052449582615854,3070
7426193187389082910,453
7391275170121452830,41
7419080611928771883,757
7412103961454628142,646
7421302050690026782,3368
7385391242013723934,298
7395704637589916959,46
7423612668637990186,411
7390583732639501611,869
7402818629135240491,25815
7429521137488416030,775
7400974734609108270,424
7403155002837044526,339
7417670279205309738,336
7403923427356183850,1071
7391678878466592031,1130
7435056809792048426,7779
7407261347248950558,216
7394214775208693023,325
7405796677854055723,319
7397225642485353774,266
7404236881422060830,10519
7420199931266485550,794
7398769156398632223,143
7410972324746317099,340
7409063994306186542,613
7392774738935909662,307
7409133026657029406,789
7386072526209715498,1553
7413515903180098858,2594
7416936636124040479,100647
7420240066334706974,581
7399828911334362410,4954
7393855729213377838,488350
7428414259564039430,9967
7409429508723363079,247
7412435650852556074,461852
7417967022186794282,1349
7412076007529762079,1793
7399882537646034219,749
7410945072314813738,3362
7384978786787314974,92859
7427278921097596206,8691
7410571683066596638,14978
7426158394865732894,307
7423565138298653998,24629
7414307187301829918,20990
7415640308932791595,779
7420625907574000926,557
7428774062236699947,126
7429172082665098527,696
7406112967122554155,903
7399829452454153515,853
7403945581816581422,924
7419110357190348074,1743
7425100582362500398,487
7386115528089292075,19785
7414328394302655787,296
7407952814707707167,55827
7403215592431406366,318
7395728179446418734,174
7416128369642753310,311
7384649381527522602,420
7405386953018936606,412
7427246029818383658,751
7432895600074509611,2515
7406127541037157662,263
7389110637177097515,10117
7434406819713355050,720
7393526113064045854,428
7384588991645011246,373
7393477524841450783,125675
7428431341378669866,150
7409854443404987691,268
7408009812694388010,998
7408723859802836254,17412
7402757397040745759,319
7411708779101834538,1024
7385711270911020319,1332
7407211210476768554,14859
7421357977300487467,286
7417251342273531179,353
7389486969291558175,411
7387225453666258219,338
7434737756632304938,2392
7422863792670854420,251
7393877716673809710,413
7410935561197767978,1707
7389429298513431854,420
7386847224535338271,368
7434319962510003486,401
7435093289830763818,7754
7434725332504038699,1213
7426190413448416558,327
7410591371179920671,24690
7395797165081120018,288
7397858276051848479,166101
7389085358765428010,638
7426508186829589791,1640
7386808668253211947,374
7429550850130955551,734
7408689199785774379,343
7410208537277697322,312
7426581966616661290,451
7433233843039128874,5225
7411004769935969579,358
7407953193964981546,704
7405004465163521322,343
7422820823485943083,397
7410615485181611295,1792
7390549844642811157,751
7405384879820606763,1111
7424276988698938666,5222
7395742778300321054,559409
7423221084461239595,756
7402756942117997867,254
7424290086474452270,491
7396106112946277674,481
7414293025767132458,8986
7387172298576481567,34405
7395377364697484575,16301
7432808465459957034,4509
7427261049834900778,1017
7399427337529429278,703
7435080724702760238,161171
7408696909260541214,239
7412047249485679902,346
7426572787097046314,288
7414652786136157471,776
7384658635915283754,188
7416886351141932331,266
7415422246107237662,117
7400901739760700715,4104
7409896220417740063,104376
7425401813840481566,515
7390885698569522462,616
7407213087398432042,413
7428803584482970911,1164
7392037595783367967,244
7422831079054232863,421
7423946528668028202,1942
7435145331588730155,1065
7393884164115696927,318
7404665414262721834,127
7402047185044458795,2357
7434325592121642271,6530
7393126972857044267,3717
7412104607666572574,1724178
7407672624114896170,85364
7408952916758809899,457
7409841014501903646,377
7405814088690945326,1278
7420629384215661854,175
7401216473135385886,5458
7428744023260581162,30505
7386074694400691502,326
7387551562073115946,442
7393887504690171179,841
7392423264657919278,691
7429536359775259946,608
7413163210586492202,84
7418427343095647534,1012
7427239519386193195,625
7410540471920938283,2676
7394240374769749291,331
7435433515371580702,305
7397199518267165983,276
7391656205074189599,574
7425463730592320811,324
7424679155326815518,6811
7390941776648965407,152
7384975315463884075,807
7425404345899814174,327
7401367601827319071,1500
7424271137091243307,150
7427336346739674414,296
7402451370042789151,7521
7419083184610020638,664
7412050237235236139,8315
7405366255747632414,31934
7397236729285053738,342
7389401052308606238,274
7423587347909872938,795
7405005366590803243,257
7428021862732516650,460
7434684474476039454,1760
7427674700920196398,7599
7427677617534307626,230
7414703870137584942,4911
7413968568519363871,2647
7420597085763947806,1325
7391707854668942622,1871
7387953457883335967,5994
7393111566373244202,507
7432862608870657326,358
7398746412248272171,706
7401269939644009758,454
7421325640093289759,581
7419884434129849646,13
7407986510944914730,266
7391662152756579627,753
7409440263162072363,563
7392400438450081054,88
7412433549002902827,174141
7392010362306006314,373
7428760018683546922,853
7424299548216118574,795
7403879404184538411,444249
7392366393653464350,29655
7414285673793948971,1056
7428403503611039022,113237
7403179709447703854,690
7395702380962057502,331
7399047017093270826,249
7432830428601404702,334
7420197994655403294,1214315
7418363876762209566,713
7418023249105210655,3209
7414728859125337375,551
7415452173561171246,1679
7415366432365579550,48511
7410939575067020586,1086
7423567943436373278,547
7409100079493090590,784
7400186775148285226,1063
7405422242064043306,415
7390187715951611167,8985
7388288757750877482,20122
7389094506659941674,722
7394256712141737247,345
7385005337599839531,20728
7398318778544688390,306
7407572572998602014,14682
7429510727162957099,17159
7403889289056095530,3172
7411366665675345198,514
7424684955181026591,482
7402046111126457642,285
7433987334225268011,676
7425019681985072426,2128
7428748669303737630,289
7399109245708373279,912
7410641001276132639,531
7391994807121464619,2450
7434697327912242463,415
7396894001615342891,140
7390563466207202606,1985
7407231198910582022,486
7386444895021518126,331
7422797632474565931,2962
7413896888467918126,514
7399116811528047914,387
7427326243256798495,227
7424668385394347307,75403
7424734365705342251,392
7391297011175181598,352
7399882442162572575,4593
7392753239709469982,120273
7420240423731432734,442
7386479916658740523,39949
7401671748116073759,211
7401349194927164702,522
7409808195377515822,13559
7429513742691470622,436
7415841107038489902,440
7428449985798343982,14783
7390884949538147614,572
7423565359329922335,4243
7396115594002697515,543
7398737483032169758,433
7415785975164521759,13931
7391284620718804254,9990
7407942572657626398,20464
7428772005580786987,3176
7400572994130578730,337
7403887805530754346,730
7403861678703660319,307410
7432805940665109790,26
7397935923729763630,334825
7387549450224291105,1043384
7422805796997680414,337
7402820144449326378,3220
7423905602075626795,1033
7394233244494892318,381
7429114678594391326,486
7392023382474313006,255
7423566376339524906,361
7384975234455194923,443
7391313412590013738,903
7411314497425640734,356
7388300575768661290,440
7402459256424811819,666
7390955703168552235,2508
7403555594726100254,423
7394611721924594975,467
7393475101947268398,1009
7425077510485871902,614
7415439420721057055,334
7419108535394438431,3947
7410545239913499946,1030
7407601716838878507,151
7427277291480239391,347
7429494536948239662,499
7394276654580763946,513
7415784315440713002,243
7390573434113183006,2995
7418363740065778986,92
7397247490451344682,329
7419885917193653534,563
7385409578894118186,304
7418391420458781994,249
7418047720272694559,204
7426142121813560622,379
7401282422483979550,152
7428392245440662830,395
7398712692954926378,2608
7393184866998750494,877
7426645205954219306,2836
7392808241819913515,1383
7391713397437467946,1055
7392743370382380334,152203
7421354261365263647,618
7425397323137682730,293
7427309396188777770,358
7433201211123191083,4925504
7422043647048207646,1651097
7398333365394410783,76
7400926389282606382,678
7411698199473311019,65010
7394637768917355822,1301
7423977308807040299,5530
7434737854028221739,848
7417285567152393503,265
7405371741486271775,700
7423565447615794475,1289
7384246234141314347,289
7415010112009555206,598
7404675602680122666,213
7414296285257141547,288
7390523524328213790,395
7434006204269055275,3195
7392404524104764703,230
7386432525863750954,1637
7394238013087255839,1826
7402033365307886894,367
7433273614125763870,96
7419877697960070405,267
7403907021793283371,861
7406146974061268255,1342
7419107614576889130,587
7410549605781343530,356
7422871160758619422,108
7421681017888460075,278
7384628990734159150,1346
7402379869973220651,269
7406476381699312927,583
7403885303758540078,249
7412397724315684127,400
7425072780091067691,978
7416193458890755370,435
7392759647817501983,4769
7391618059313712414,238
7413523453179071790,887
7409141282305477918,959
7417962764951358762,624
7428365177038310686,869
7426173028536519967,773
7426534529239747883,276
7425804025683070251,2606
7395001965681429791,10666
7414304552649821482,837
7397633175498886442,329
7401309447311723819,1145
7412420268628413739,2455
7425810821743234347,23618
7419469291398991135,364
7419920115715575046,260
7395797472355929374,2353
7410546208587910443,5613
7426537411099757854,273
7411309505944014126,3884
7399511829287849258,710
7392456452159425834,215
7410928245186530606,7942
7422806393071340846,5170
7425473112986127646,644
7392789739352460574,329
7422117280181407007,576
7429556138179398942,1096
7414270354371169579,1041
7387972373737164074,340
7404303303523323178,109
7399794064985525535,164
7423575228766342443,902
7391272165951212842,187
7405785138220551455,542
7420208140328881454,200
7421726215226117406,461
7388695922991009066,1044
7407573631355669790,338
7414287083763813678,614
7394592740350397702,369
7389766090827582750,534
7395011225014340894,5428
7394982302985522474,345
7385715521993461035,304
7403963843250048286,21464
7426555081799028014,281
7399798481210150190,3596
7408313822072589611,1599
7415087716926229803,45826
7434751498032041262,359
7429120050323377451,505
7399074442372042015,279
7390950304927190303,267
7413979982831111467,1044
7385032194659519790,15858
7399130711396994350,27607
7426131866073369902,290
7410977040255520030,2482
7403215844567993630,413
7415382715802914091,275
7424323460253355294,42
7401636916422233390,2872
7424343569210625323,373
7410919058075323679,412
7417962335760862495,778
7414652824337894698,1192
7435505012756811051,1820
7426509863552830750,643
7384650426488163630,855
7429130221267471662,280119
7417220970450275630,276
7433993027749694751,4562
7411321398553005355,12888
7422070036170313006,244
7399439888107490603,428
7387946037543030047,1551
7395347777754107178,3599
7394995129813077279,817
7434688133653941534,1612
7395335796217171231,48639
7393872571625655598,2620
7386820448887115039,1102
7415773987801746731,547
7426127455632624926,17818
7394593932732075294,445
7408399626933521695,202
7435450968231169323,458
7384958968801643819,202744
7402440601930648862,411
7391684930637434142,334
7420628578267614507,504
7400175078136237343,61546
7390174496969313579,273
7415091474326392094,724
7390949881034083614,1024
7418407990132264235,1947
7402014563706703134,56
7409077490536451374,14274
7397223601818193183,349
7420934047406345514,1548
7413973540946447647,806
7397216429583387950,2363
7434351818521546026,822
7405811640848977194,423
7425835742619897130,459
7419116935801081119,373
7413927073997229343,1780
7415806527010884907,1787
7433223089904962862,19921
7399477175247736107,378
7389762134814510367,174
7425061552123809055,271
7428789083301760287,2046
7392799139525905706,300
7412041596411055402,360
7420634230360771871,171310
7400547092852231466,2094
7422838420533185823,673
7394628134496111915,1500
7389759003435322655,272
7402811680847187230,838
7409089860654370091,445
7394296628699499806,3819
7421026940259241258,256
7420219389502590254,6158
7391702047705419051,316
7411376323433663790,1116
7387568878630554911,904
7414728041760361771,232
7411282557955902766,263248
7406129827213970734,885
7412479882413739294,301
7389833470991895854,519
7417682275447508270,945
7415829781188496683,215
7390575846794300714,2460
7385734873874435358,80
7420532840263093546,187540
7420253717339065646,286
7387619489321323819,324
7407987450754108702,21008
7405771667294702891,615
7409839206001921310,7299
7426877895395511595,1522
7396847273331805470,3847
7415098182683692318,55
7396132135070993695,14263
7415062399251746090,1084
7410603768137436446,2085
7417236381262662958,806
7395021725181709610,3843
7389790968330849579,782
7396847794872585518,67795
7404696080832711982,2062
7409434203864960286,5157
7412406045437332779,79
7384996826140675370,120897
7384177529092951338,15221
7402829820079377706,377
7434698104529636638,284
7414354779746520366,441
7426904506631195947,5799
7433636212595821867,5974
7397946877745941806,3688
7421323513392500014,23374
7413602348443979051,382
7428420588592565534,611
7418775394477690142,569
7405074231429434666,1882
7384244962147224863,214
7425098600004259103,251
7408029716524829982,83
7434306667946216750,266
7400568327317376286,2484
7386105612838407454,157
7402764467605474603,219
7435144045095046431,733
7426892737326124330,923
7396900133901765931,336
7411662092454858027,55443
7395048856699931934,2501
7415782991638646047,620
7405775275440622879,518
7417594077740272927,396
7434746174243949867,717
7397989392343633194,7293
7400575752732757278,780
7395727035122928938,6453
7385040354476723502,276
7418359889262677291,22561
7419476934427528490,23320
7400546820079881515,354
7413904215707274539,489
7404998521616829742,522
7426577289946828078,2357
7403922131957927211,551
7407944191050829102,794
7403561005999197486,268
7389105842294918442,653
7422064119609560350,354
7421322222842858798,760
7399130715872333063,336
7409503720368688430,30731
7395364013825150251,196
7413141517268749611,417
7397207203486256427,431
7396916759581723950,256
7387602190556286250,667
7415374934987361566,346
7393109796469181738,368
7413586858757737770,672
7395030877329280287,5312
7420974792897056030,294
7392010755287158046,718
7404310282740305194,1907
7390523393218465067,111254
7384628081870245166,3011
7404271436468292910,187
7397182928503016734,385
7405423723009805599,451
7428453037666012447,862
7401715606006861099,286
7387194466446232874,282
7401653302292712747,4166
7410067510256586014,14462
7428046001941875998,332
7425790763197304107,1087
7397249940738641183,14289
7407267518143810846,339
7398711093570424094,219
7433935270132731178,8
7421361063314165035,798
7432884101369171242,1103
7435062566386208042,97059
7427984750708641054,585
7403553346818264351,564144
7423624614137433375,495
7419826217752235307,353
7424366271946296606,282
7386823742179036447,353
7411296399871986987,634
7424660409610767658,623
7427320815466630446,2239
7390593407628102958,157
7384222971503643935,921
7391274577176857898,329
7398763861739851039,372
7419480557064572190,2773
7433639541220625695,2845
7405787979882450206,69
7393870462691921194,1280
7395712868814982431,197
7405396096056380702,226
7417253919266508062,261
7392809026574241067,573
7414345393607118110,1071
7399813193058536734,252
7391641386103180586,1283
7384215709175303467,334
7420255519769726251,828
7407238514791714079,18529
7403956966105632042,450
7397925631989910830,330
7426504778697428267,965
7422103375547780383,416
7405758071080865067,4987
7424314072436346154,406
7434352135715753258,37221
7427983673896471850,270
7417995856667856159,1334
7421364191363157279,155
7433621400809721118,442
7422799659157949738,131481
7394503051006070058,4127
7410608286975773994,341
7408705219636350238,336
7402475307711614239,447
7400953027705720095,20049
7417667212971871531,434
7390583781482073390,170520
7400991550794206510,254
7404670311439797512,62
7389030163775802670,384
7425412958114565419,5763
7393125863388106026,421
7393488937379007787,1062
7394981392234351914,774
7392408974978633006,245
7391295919955643691,293
7415389048744742174,415
7386433041842867498,20447
7402104921715182890,824
7420250489054399774,386
7405719824472771886,608
7413515026398448942,413
7408693604736093486,217
7410577958945213742,926
7387977599709973790,665
7388339268659285279,4420
7429488993735216430,335
7406111082701540639,587
7410638715850132766,850
7398303833174052127,417
7404676802074955038,600
7413152220520189227,47
7385685381670309151,34522
7398680462928907562,976
7415070418379361579,800
7415379190825962794,1194
7418426771290197291,1745
7401366086882446622,42799
7390132937213234478,560
7393863251278236958,324
7409156415337549086,335
7411687727206370565,19037
7427650044528102702,24208
7392028351105469738,3386
7409113777397845278,2247
7425801710494289183,1760
7390971737870978335,998
7389042384044133675,3192
7408025601296157983,349
7428029867456793887,319
7395042696022199583,446
7426559630605585707,359
7422047759345290542,590
7387571071106452766,454
7412431829036272939,305
7419097685698907422,4135
7435054873424448799,433
7399497723420020014,334
7386832410144509226,4849
7397607270172986654,424
7401283645484453150,35
7384986591766498606,321
7401326802653760811,396
7390182466851458346,22520
7433964973220547883,7511
7411312175005961514,19620
7409155770203245855,214
7428024565424590110,161
7421334057016904990,4608
7414653124926835998,578
7396469033534573855,90
7385714775470214442,982
7396153835502243078,358
7399830816072715563,402
7426201561354751262,291
7435116170954542378,431
7389018811032227118,8887
7393164226103184686,252
7422847051060235563,346
7385739143155911967,727
7398715259399310623,217
7424286338498710814,129231
7429548979001576734,520
7418706873316166954,18275
7411011085492374826,349
7420569432470179102,469
7393495679752080682,262
7407591424826330411,35238
7427331543414115626,46171
7388735665803939118,292
7401705067717463338,340
7402465850764119342,1764
7404233930360081695,389
7425405465346968863,329719
7384268286478961963,775
7394220417432489247,67947
7418794472605060382,405
7387264972746771743,391
7400627157136985387,638
7398690626209877290,2752
7396508112410234143,13971
7386822923509681450,19968
7413887679235902750,754
7423543226662997278,708
7403501553912532270,53403
7400200043073948971,923
7419462744371662126,1117
7394985085138685214,157
7389442116524576006,3195
7389426539928014122,997
7433243865911397663,274166
7396091979941055790,1217
7389810738694491423,3197
7393182645661846827,1249
7403180293621878058,1595
7391642736333507870,508
7415075881254800671,284
7403205645500992810,3259
7386821720834903342,304
7429117403713277215,731
7393885728083545374,591
7407673307933199646,8768
7401263255882157354,257749
7417646560625937707,501
7387982409435761963,925
7423197632501239082,1096
7392405826482441502,23171
7409098773156138282,55724
7402400321349094687,247
7404985500823604522,8124
7390141646425378078,314
7409099055852440878,770
7402811882513501470,566
7429139506273570079,1073
7404990186536389918,19870
7429141481102871838,554
7403536376764976415,434
7432846600185171242,2189
7399093323484482846,1739
7397940252259781931,277
7435467370174663982,362
7395751963989789982,2260
7410872449270566175,465
7384955766727314719,414
7402452533760871710,520
7400985690684591402,10630
7396915547872464170,30042
7395781228487593246,319
7397558528992398623,657
7396084910055804206,236931
7411284322440826154,436
7388684143795719466,745
7406527129829084447,1144
7402075471078346015,25298
7415766063951924523,351
7394254935401041182,240
7433290902900051231,51
7433291301946215710,229
7390885619674778910,608
7387927824692284714,1416
7395797910517992747,532
7395707047188139294,653
7427621655494610222,965
7409454663973522719,294
7422058982417763614,598
7400568243666210094,2600
7396880238975651102,232
7426553863844547871,567
7412415480448699679,289
7418010790654938398,13887
7408398515107286303,1479
7392411611270565150,2973
7420236162209729838,1219
7407579149717507370,530564
7404645857737329951,156
7402388655412907310,603
7427668420923018539,247
7393871185320234271,5086
7405781010484333855,14869
7420661047238888746,418
7397558101219560710,791
7425822115888139566,3291
7395333920432180486,452
7404271536078605574,5539
7404628338523819294,19377
7402378671798914334,1048
7405385756845296927,294
7432898291513265450,699
7397193857647021354,7658
7423256022145355013,282
7396889460236930334,378
7426212771651570990,2123
7386080345180884255,351
7393848827318390046,216
7425762074661326123,820
7399079724623957278,352
7422084993142361387,287
7391299849964244270,302899
7397238971648019742,1358
7393132932124364078,140
7413891095492332846,1049
7395726327942303006,343
7428439199319133471,19419
7398675865569135915,460
7432846427950157099,27536
7390519295307975967,304
7421780641076792607,1783
7414318888621591851,4906
7419883383829908782,1117
7429098654780247327,809
7386471720183532830,689
7434768870398905642,1948
7406094288574090539,906
7390157210262752554,2374
7390539514910887211,24985
7397941061592567082,5164
7390958580263816491,48322
7400231177900002602,831262
7408393297476980010,193562
7400909681876553003,492
7398009986967751966,34
7386092848254340394,8288
7415766593763937566,541
7413206594357415211,1778
7410547298008091935,251
7405439946170846495,243
7409526103712222495,4511
7410202833171074324,1914
7414655896195763487,179
7434012629510704415,1430
7404303508939296005,331
7414640331418766623,5411
7385753698322107694,310
7396450490755599646,2590
7394227114775711022,350
7408706357488127262,10616
7402665178577243423,1018673
